0,andrewwlittle
1,noppatjak
2,JaredWyand
5,yearsandyears
6,PlayBuddMansion
7,BloombergTV
8,OffsideLiam
9,thecriticalg
11,mikegatto
12,Antonvlimburg
13,ideas4thefuture
17,best_bums
19,seashelltitties
20,AMTrump4PRES
21,ajplus
24,JakubKrupa
28,IDCUKI
30,SalmanRushdie
32,AJENews
33,a2linefrancois
34,Students4Europe
35,euromove
36,BLervoire
37,Env4Eur
40,GrrrGraphics
41,Tent101
42,alexstubb
43,AUThackeray
45,ohchrisburton
47,moneycontrolcom
48,_NakedRock
51,raider_truth
53,TheMurdochTimes
54,LeaveEUOfficial
56,southcoastpooly
59,elerianm
61,TheoPaphitis
62,c5hardtop1999
63,Cris_telefe
71,ProtectthePope
72,Ale_chioc
73,TheReaderThai
74,Nigel_Farage
75,AndresRosea
76,srithh
77,_DaisyBenson
79,wikileaks
80,indophilia
82,OldburyAnus
83,DanHannanMEP
86,vote_leave
87,Pevensey_Bay
89,jgmaber
90,RenePosthuma
93,TheMercedesXXX
94,business
99,SkyNews
109,ptneko
110,JuliusFlywheel
113,MarcherLord1
114,LondonLeave
115,GoodwinMJ
117,CNNMoney
118,nsoamesmp
121,warnsy68
125,BetterOffOut
127,MLP_officiel
130,GargieAhmad
131,BradenDavy
132,CBCMusic
133,SarahRapp
134,CaraBamford
135,dft
136,_JeanSeb_
137,Brannon1066
139,wake_uk
143,shukla_seemant
145,mihotep
147,lecanardnoir
148,ClaireCozler
149,MoscowTimes
154,ItsDanbob
155,FR33_W0RLD
156,Andrew_ComRes
157,Irelandbrexit
158,Somevaari
160,IngrahamAngle
163,PamelaGeller
165,Stop_The_EU
173,EdwardBE1
174,DMUVC
175,LouiseMensch
177,jamesmfahy
181,GundelPundel
183,JimmyHosang
186,moonbeamsnajar
189,AmandeepBhogal
192,AndrewRosindell
193,TrumpFix
196,kirstymeenan
200,BBCNews
210,HouseCracka
213,BIVnews
218,NicolasSarkozy
219,MillennialWoes
220,ElizabethHurley
226,Blacktempler
229,EntheosShines
230,theydontlisten1
233,VVFriedman
236,AlexisinNH
239,heyyyDominic
242,IAmForIsrael
246,SimpsonsQOTD
249,JeanHaines
250,Geezajay2013
251,TellRanil
252,TwoPaddocks
253,CitizenShayler
254,tanit
265,Shoq
268,AmyLeedsTory
269,SuzanneEvans1
272,naturalnovice
275,V_of_Europe
278,suttonnick
286,theordinaryman2
289,thenewslens
290,Kelangdbn
292,KTHopkins
302,DiligentTruth
307,jdportes
308,ron_dickinson
313,Prince_Madness1
314,nellylamorte
318,FightingTories
324,WSJJapan
325,SocialistVoice
326,KontanNews
329,pdacosta
331,alok_awaaz
334,jin_nation
335,TheEconomist
340,kirkkinsey
341,scenarieconomic
346,Wesmondshire
348,DahlaKib
354,Milenio
356,InfobaeAmerica
358,RealAlexJones
362,HoffmannAnja
367,PrisonPlanet
372,MaryCreaghMP
373,infowars
380,DavidCreativia
383,timfarron
387,Zulaa_4884
391,JustLeanneee
394,FirFirikos1
402,GhitaIacono
403,pewdiepie
406,gulf_news
408,RCorbettMEP
409,PatrioticNeko
411,larryportera
415,libuska_c
416,rutiteitel
418,bbclaurak
424,labourleave
426,Gojira_Can
427,richardbranson
433,DevonSG
436,David_Cameron
441,RedHotSquirrel
444,AndiNeglia
445,TheVampsJames
449,KataMiettii
451,FUNDERWOODHOC
455,ManuelaCroatto
458,PhilippaBBC
459,CiovaccoCapital
462,PowerPigeon
464,sturdyAlex
469,evangeliney0ung
474,SteveBakerHW
479,DarthPutinKGB
483,StrongerIn
484,theSNP
485,euobs
486,BrianSpanner1
487,marcocobianchi
488,UKIPNFKN
494,magic_bryan
495,CPhethean
496,TristramHuntMP
500,elliegoulding
501,billybragg
503,shoaibkbhatti
506,ktmcfarland
508,FEspagnac
509,realVivaEuropa
519,NoopurTiwari
525,MidWalesMike
527,Howtobet4free_
534,WHFocusTeam
535,NorCalispurple
536,OECD
540,MacroPru
541,NicolasRamirez
542,frankzdeluxe
545,distefanoTW
549,RavenHUWolf
550,sir_cornflake
552,DanielcoAldred
553,JeffWot1976
554,lsebrexitvote
555,WeAreThe59
557,AfD_Support
558,igeldard
568,k_r_eckert
570,itvnews
572,iswiegers
574,AnonymusPersona
577,rjocmoss
580,agcolehamilton
582,Fight4UK
584,BostockClive
587,andrwsimondavis
588,jr_carpenter
604,WedgeDoc
605,bwc_us
607,nicholasjf1
611,chessNwine
612,rosa473a
614,cchukudebelu
616,IoSonoUnoLibero
617,Pajaropolitico
629,Giorgiolaporta
636,tariqahmadbt
637,FoxBusiness
638,fin_observer
639,BeaufilsBen
640,RaeCarpenter
642,junayed_
649,benwerd
650,flyingfury1940
653,YourAnonNews
657,MJOWLS
659,GaryLineker
660,AnfieldRd96
662,stresilian
664,PaulbernalUK
672,PeterTownsend7
677,Zeinobia
680,vandives
681,LNPServices
686,Patriotic_Brit
688,CdnEurDialogue
689,adamwjmannas
692,TheVeganSociety
696,AJEnglish
698,grahnort
702,Lateline
704,fleetstreetfox
708,IndiaToday
709,Telegraph
711,empxthyx
712,ADSO_UK
713,ABCthedrum
715,zn_ua
718,jcpolls
719,JasonSmithUKIP
721,maischberger
722,ASPI_org
723,lordbonkers
730,LeeCurtis_
734,Paul_EUandCOMP
736,MikeMa_
737,EmWatson
742,kiara_visentini
743,robdelaney
744,Ciaranowens1
746,Na_jee_ma
750,oliviapienaar
752,EuropeElects
754,latelateshow
761,tuulikousa
763,AndrewGraystone
768,CllrChrisAdams
772,frenchweb
778,RaheemKassam
780,thexbomb
781,WillHealy71
782,stevehareCFO
788,DanielKlaar
789,NoThanksEU
794,pimpmytweeting
799,twostraws
801,abc_es
805,MartinSummers
806,PierredeJade1
810,DaftLimmy
813,terrylawes
815,MI_AsiaCtr
816,JFXM
819,hopenothate
820,yoookd
822,Always_Trump
829,DrTeckKhong
831,FTI_US
832,airnewsalerts
833,UKIP_Voter
834,nbcbayarea
836,EastEndFilmFest
837,tagesschau
840,LiamTuckLFC
841,ClimateHome
846,barronsonline
847,ZSchneeweiss
849,staffandopping
858,jasonomahony
861,Cllr_Mike_Green
862,ScotsVoteLeave
871,BBCRealityCheck
875,RevistaSemana
882,AliTowle
883,hrinfo
884,_Brexit_
889,PeterFinch1968
890,bryceless
892,Allahim_ad
897,yorkshirebec
901,Heritage
903,ttindia
908,DiamondTile
910,barbsutter49B
911,BrainlessMuzzos
913,Taffy1973
915,nomfup
916,LouisROUANET
917,brit_battleaxe
922,NHSMillion
924,Dolly_Darren
925,Taxi_Vader
930,LeanneSpurs
933,lajornadaonline
934,justinaknope
935,N1K0LAK1
938,SprottMoney
939,realmissfiona
940,theHittheBside
941,pavilionopinion
945,ThomasSickler
949,davidjbishop
955,Barber1956
964,GrahamWP_UK
965,mercenarygeo
971,Pakistannews
972,EllaIllustrator
975,susiebubble
987,kellyhoppen
991,GillianA
993,appwebtech
997,HonourCovenant
998,RNTheMinefield
1000,where2mate
1010,curlywand
1018,SamSamgreener
1020,CNNEE
1022,RossThomsonTory
1023,ecoeurope
1025,HarridgePike
1026,micheleod1
1027,Hunter7Taylor
1029,timminchin
1032,ylenews
1034,SemperVideo
1035,AnthonysLaw
1038,KappaRar
1039,beopendotme
1045,eToro
1046,drscott_atlanta
1048,iansibbit
1050,lanesborough77
1056,BR24
1063,jordanmcd
1064,EUWatchers
1068,GrantStanleyUK
1069,DualDaniel
1071,BluehandBard
1073,asas78asas
1083,asschef
1085,gkcdavis
1086,Geetu_Moza
1087,winningmoney
1090,are_eb
1092,elinhafedwards
1097,BrexitInJune
1098,lucile013
1099,Opposition24de
1103,LibertarianBlue
1115,Europol
1117,culrich1
1118,TechnicallyRon
1119,OKScottish
1122,Dwalingen
1125,undercovermag
1126,Forbes_Mexico
1138,BartNijman
1139,IAm2skilled
1140,ali
1141,Trumpindahouse
1146,MartinCZV4EU
1150,ajcdeane
1152,rtinewsonline
1158,KathySholtz
1159,abpnewstv
1167,ZDF
1169,imgur
1170,RobertBadia
1177,stephenjugs77
1179,jpxldn1975
1181,CaucasianAllure
1182,BrexitNoww
1187,AlbertoNardelli
1199,dneilmckay
1200,SixHeadz
1201,LisaHenegauwen
1202,inthemoodfortw
1206,britainelects
1207,shelliecorreia
1209,SebDance
1212,1_1_67
1218,Galtier_Thomas
1219,keeptheban2016
1220,ChrisTakushi
1224,GuillaumeAuda
1225,LMEntrepreneurs
1228,DrGarekar
1233,rainhilllad
1234,raffanchio
1242,booksumightwant
1247,AbBrightman
1249,WillPrice96
1256,MHW_PR
1262,mcdonaldsarahj
1269,FRITZde
1279,Dr_Dicht
1283,RhonaMiddler
1284,hannagw
1293,liquermand
1296,WayneDupreeShow
1297,Monster_mckean
1308,Kompathit
1310,anadaloficial
1312,dharmabum013
1313,BZ_Schluss
1314,SpankCityHall
1318,andyburnhammp
1332,mklimczek
1336,ShaziaAwan
1340,AHamoudi1
1346,dbollero
1348,steviemac2010
1350,SamCasserly
1351,CarolineLucas
1355,andy_woodfield
1361,MetroUK
1364,ekdillinger007
1372,BBCBreaking
1380,SZ
1382,stocktwit61
1384,FazeMiyake
1386,PatChappatte
1391,afpfr
1392,Thai_Style_
1394,dr_options
1395,jsavageMFC
1397,Schuldensuehner
1399,TheGreenParty
1406,victoriabeckham
1412,BrandonHamber
1420,damamay12
1424,TomLondon6
1428,plasticfinger
1429,ElectoralCommUK
1437,jamesmb
1438,spargo__
1442,DancerGuard
1449,CMountbatten
1452,New_Europe
1454,774melbourne
1459,OnLoanJag
1463,iVoteLeave
1465,francesbarber13
1469,Vote_To_Leave
1473,PendletonNW
1475,uk_rants
1478,bearsfightback
1487,EmmaReynoldsMP
1489,slimlina
1493,INSEADKnowledge
1495,SEMANAeconomica
1503,andresortu
1509,FinalCallFilm
1510,cabbydenny
1522,GlobalTimeseu
1526,kenyanwalstreet
1528,ruhitewari
1533,marthasydenham
1540,DarrellTaylor66
1542,ThomasEvansGB
1550,theplaguedoc
1553,Steff33Hughes
1555,insidestory_gr
1556,reformainter
1557,Fub_Fub
1560,Anuhint1
1561,VoteLeaveUKIP
1564,lopezscarlett1
1565,tweetsNV
1566,Astro_Alex
1567,loren_ch
1569,CNNMex
1571,lostleonardo
1573,GlenisWillmott
1574,skysarahjane
1577,Vote4TrumpUSA
1580,_ThrillCollins
1581,Nero
1601,Tommy_R22
1611,GWRHollingworth
1615,davidroachcouk
1617,sentinel_bot
1620,Foro_TV
1625,stylesuj
1638,asxlongtail
1641,DaniellePeazer
1645,AmbJohnBolton
1648,playboy_paul
1651,CrumbsCollector
1653,JamesGRickards
1654,marcuschown
1668,ceezary
1672,MattPope123
1673,DrOnkarSahota
1681,NotForShale
1684,Third_Position
1685,jackiedunbar82
1686,KirianSev
1689,joannaccherry
1694,zevion
1702,cctvnews
1703,rhartje46
1704,jk_rowling
1711,andreamvo
1712,LesleyMillercyp
1714,trattovideo
1716,WarrenMcEwen
1721,tagesspiegel
1723,danmog
1726,sandersn85
1727,danielgillissen
1730,ApuntesdeRabona
1734,TrnLannister
1740,MetroNewsCanada
1752,DIHarryBatt
1755,JB_Hilterman
1757,LiisaChisholm
1773,BukowskisNephew
1783,ExittheEU
1784,Iaserbrains
1787,dawn_com
1792,Avaaz
1795,Mativenko80
1800,Mugiwaraniazi
1803,jwall_8
1808,WilliamsJon
1810,Honest_Pocko
1811,BjoernSta
1820,ohboywhatashot
1823,sudutstadion
1827,itele
1828,rupertg
1832,sweettoothmarti
1835,telegraaf
1844,lukeming
1847,spanday31
1849,teleSURtv
1850,juliamacfarlane
1857,AgileCreator
1860,sudhirkothari03
1869,MadMoneyOnCNBC
1875,newsthump
1876,702JohnRobbie
1878,RecklessNinjaa
1887,rohith880
1891,Towdthi
1905,eclipsefriends
1907,swedesforbrexit
1908,fouiter
1909,RyanDetrick
1912,VineetTandon2
1913,de_sputnik
1917,Niquifruit
1920,Platforma_org
1924,PaulEmbery
1927,FinancialXpress
1931,stricio
1934,adrienne_ayres
1936,luisaloffredo28
1941,lizziehodgson01
1942,Mike_Batt
1952,mylifemysay
1957,naomi_long
1958,lambethpalace
1964,RampCapitalLLC
1966,jpublik
1972,Anothergreen
1975,Bonn1eGreer
1978,dwnews
1986,keepcalm_change
1987,EstonianWorld
1998,s99mmo
2000,sharpeangle
2002,TomWinnifrith
2003,henrikenderlein
2004,CrowdpacUK
2008,vivienmiss
2011,Patrick_Kunkel
2019,PaperboyC64
2023,jackADdawkins
2029,TheDonaldReddit
2031,mqhlay
2034,ibbibby
2036,CarlosBarrax_97
2043,Reuters
2046,markdonnyiron
2048,KatyaMacD
2049,JohnMichaelKuhn
2052,ALDEPressKat
2057,NsJoven
2060,BourneInTexas
2063,emilykenway
2067,newsflickshindi
2068,JASEMARKRUTTER
2069,fsopengate
2079,LucyAVFC_
2084,cmegalodon69
2086,ComResPolls
2098,HowToEnjoyGIB
2108,muheedjeeran
2110,KoBarclay
2112,SophiaCannon
2116,laurahollis61
2119,jclitchfield86
2123,margarethodge
2127,ErnestEzeugo
2128,holland_tom
2132,hugoturner1969
2141,orionfishing
2143,danilic
2147,Bryotins
2151,CVospernik
2153,eurocrat
2155,bosiodav
2159,gmaujean
2166,MDRaktuell
2167,c_cermak
2170,INTHENOWRT
2177,DavidJo52951945
2178,megalosgazmas
2180,Radio1Rai
2193,WorldNotes1D
2197,DubaiEye1038FM
2198,Fuoridalleuro
2202,MsWhatWasThat
2206,NadineDorriesMP
2214,Scamboski
2215,ElyseeMarine
2222,NadiaBernaz
2233,NitzaBarki
2238,agambella
2240,JanavDeventer
2246,oberonelvenking
2247,melleprune
2248,CCTV_America
2253,DubaiDeserTwins
2256,_mikeroyal
2257,JulieESwan
2264,greg_jenner
2267,CarlosLoret
2269,CurtisBebro
2278,BritishGQ
2280,SupposedSanity
2281,sandroluescher
2282,p_l_1
2284,theprintindia
2286,mja2705
2293,CNBCTV18News
2294,OceanEchoes
2296,GrayInGlasgow
2303,GBabeuf
2307,ConservativesIN
2312,Jahaangle
2313,oscarrmoore
2323,LeTelegramme
2325,RobertOrdever
2326,johnsmith1986m
2327,Sustain_Live
2331,Abdul_Samad42
2334,PetiteCha
2338,danlobb
2339,rubytfb
2342,FT
2351,jodigraphics15
2352,NgogaAristarque
2355,LawsonAdam
2361,INTJutsu
2362,zeth0
2368,LeaveJune23
2370,Mike_Fabricant
2372,bpcrocker
2373,eua23
2377,Vote_LeaveMedia
2379,gregphil
2381,KatieKhaleesi
2393,TheQuint
2395,Joke_Jaith
2399,BromleyTrombone
2401,netlex
2403,drphilhammond
2409,skoukios
2412,air_samurai
2417,DhakaTribune
2421,ollieblayneyy
2426,annietrev
2430,PennyMidasRollo
2437,attila2000
2438,ANZ_Research
2444,AlfGarnettTil
2451,JuliaHB1
2459,lucycthomas
2462,GlaikitGeezer
2465,RKHayer
2468,j30moo
2475,Newsweek_JAPAN
2480,VoteLeaveNow
2496,saferozie
2497,JPAMDG
2506,BlazedDuck
2508,SarahWing13
2510,i_x_a1
2513,fgvdapp
2514,resourcefultype
2516,Gjon777
2531,SameerKankali
2532,JustAPorcupine
2538,PattonDivision
2540,Glasgow
2541,EqualityUK
2544,MADRID
2545,MarkLloydLGA
2555,emmjay17
2556,antonio_bordin
2557,BritainBetterIn
2564,_anujsinghal
2567,BlanchardGold
2576,Brexit_News
2580,milinddeora
2582,nicolasbayfn
2593,marylovefreedom
2596,123_Money
2603,buckyslouis
2605,BloombergTVM
2606,unwomenEU
2614,aimar_etxe
2622,RTenfrancais
2628,DRidge67
2629,SpecGhost
2639,Khojinur30
2641,maxime7
2647,bobblackmanmp
2649,MSeethin
2651,NSP55
2657,Energydesk
2658,Jenna_Coleman_
2674,JANUSZCZAK
2676,LondonBC
2678,RTaylor_LibDem
2685,Jo_Cox1
2690,toyubomm
2701,SharonMoncur
2704,EconomicTimes
2706,TonyHomewood
2713,marcusbrig
2717,CapuPatriote
2728,SouthCambs
2732,DVATW
2739,shanep1
2749,adamhamdy
2751,rorybroomfield
2755,NetworksManager
2756,volvogirl974
2761,costofcameron
2765,BritainUK
2771,r0eland
2772,BenC1987
2773,SepticThugPug
2774,fredbradley
2777,FreddyFuretto
2781,ChoiceComedy
2792,Fan_of_LFC
2795,RedScareToby
2796,MusicStoo
2798,hannahwitton
2807,AnnaDi_Mario
2808,ilysmolly
2818,Wahlen_AfD_2016
2824,DickGraceless
2828,larazon_es
2831,RichardWellings
2832,OnlineMagazin
2841,Leconomiste1
2855,carolinejmolloy
2856,BartolomeoPepe
2857,UKRemainStrong
2858,SanderLoones
2866,Shaithis1404
2868,R_Hirsch_RHH
2874,CoensCo
2877,Nick1985_
2887,Sheffield_UK
2888,T_Stack_
2894,timesredbox
2901,OfficialTM_3
2902,GPFutures
2906,_stuarthughes
2912,BrodieSarah
2919,GreenBanana4
2922,UniWestLondon
2929,Marbles296
2945,george__hitchon
2946,Zoella
2955,AarSee
2959,MatthewSephton
2960,allthecdnpoli
2965,Motorscribe
2970,WestCapeTribune
2972,TRobinsonNewEra
2980,BrianMcAuslan
2991,MattRitchie68
2996,_PaulMonaghan
3002,lesoir
3004,mark_stuart10
3017,cammymoore
3027,RT_America
3030,Netwerk24
3032,StatePRM
3039,WritersofColour
3040,wiwo
3046,Adamstoon1
3048,Alice_Smart
3049,Trainspotter001
3051,hildenboroughgp
3054,tom_watson
3059,sizjam68
3062,dr2deadline
3065,Jonny_Clark97
3070,RaviSinghKA
3075,NimkoAli
3088,ecfr
3094,JamesReedYP
3097,JoePimbley
3098,The_TUC
3101,AdamBienkov
3104,JamesBondBR
3107,SimonTilford
3110,mrnickharvey
3111,danedweller
3112,PeteNorth303
3113,Pumaresistente
3115,EssexUniRugby
3119,FoxeoGames
3123,NeenaGmep
3126,Nationalist_UK
3138,toni_gon
3145,utolupi
3147,JonathanGunson
3152,lhgluke
3156,CyclingEurope
3158,MalSwiftACC
3163,bmcowl9
3165,JamesMadge
3166,insidefinance
3167,thatboycanteach
3169,nakamenjima
3173,NTenzer
3179,PlymStrongerIn
3180,StefWenzel
3181,BeYour0wnLeader
3183,ukleave_eu
3187,hirst_official
3191,aroueno
3205,Otto_English
3206,Agencia_FARO
3215,PbaxterPeter
3216,paulcuthbert
3218,LabourBlackNetw
3219,Delphine_D
3221,mlester270
3227,libertytarian
3231,camillekrieg
3242,Irish4Europe
3251,SiriusXMPatriot
3255,weareeuropeuk
3256,bethnalgreenIN
3262,ForexCoach_NL
3266,heatherpeace
3276,BiancaJagger
3286,ClippertonTweet
3287,WMidsStrongerIn
3292,vaingloria54
3293,copseworker
3303,MeMagnan
3304,GerardGeerlings
3308,EU_Buster
3316,harrykingsford2
3317,AndrewzCooper
3322,GeorginaDowner
3324,mhoepflinger
3334,SpencerPitfield
3338,EdariFi
3339,dieimmanuela
3344,NOTTHESAMEAGAIN
3349,Jess_Louise15
3360,Stephen_Woods
3361,SophyRidgeSky
3366,STForeignDesk
3367,ByteAndPurr
3368,Limportant_fr
3371,Lescromps
3386,BeardofScotland
3391,TheConfeedant
3392,KarenHaek
3395,cristianu7
3405,Tecoub
3411,MotilalOswalLtd
3412,modestyblaise67
3415,queenchristina_
3426,WhyToVoteGreen
3430,GillesKLEIN
3441,LloydDanielsUK
3465,alexaakennedy
3468,ChargerGreg2
3470,olivierlucas_35
3471,JoStevensLabour
3475,BobJWilliams
3476,DDNewsLive
3481,UtopianNWO
3488,DavidTCDavies
3499,DanJarvisMP
3501,marketto007
3504,NCPoliticsEU
3505,dale_edgington
3507,_MikeTheFascist
3508,GarciaAller
3510,elrechiste
3513,Bad_Sweary_Frog
3515,ashoklalla
3521,YvetteCooperMP
3536,PopulusPolls
3538,vocidallestero
3539,BloombergQuint
3546,lybr3
3557,bridge_53
3561,MarkJMatthews21
3565,WeForNews
3566,FXCMAustralia
3573,DefianceD
3578,scroll_in
3587,goughton
3588,NicolasDHUICQ
3591,Harryslaststand
3594,JeremPatriote
3596,Suniraa
3606,hef4caerphilly
3610,AinhoaParedesUK
3616,ViaPerini141
3619,RaiEconomia
3627,morningmoneyben
3640,RTrushechkin
3641,MartinNoNickers
3659,Dein_Standpunkt
3663,KirstiKarttunen
3670,EconomistRadio
3681,ggreenwald
3686,GlobalTimes_eu
3689,LaurentMimouni
3695,Nicole161071
3701,Reporte_Indigo
3708,kajaki_anne
3709,SJ_Powell
3711,Guardian2410
3712,Anisaayaanb
3715,Iceman_cometh1
3716,E_L_James
3732,pbmurray1
3741,forbritain
3745,ianjamesparsley
3747,amconmag
3748,Harald70199
3754,barango_george
3760,Arsenes_Eyes
3761,Nickhulme61
3764,eureferendum
3765,stardust193
3770,HolbornStaysIn
3771,BloombergTVInd
3775,UPR_Asselineau
3779,edanderson101
3780,JeuneReac
3789,elespectador
3790,benoitx
3797,rszbt
3811,newschambers
3821,FullFact
3822,_Smurf_0
3825,aletweetsnews
3827,steve_hanke
3834,kalydeoo
3841,gordonmacmillan
3853,jongaunt
3857,stocktrader764
3863,TheMightyYids
3867,RT_com
3870,Paul1Singh
3875,KlingonSamurai
3882,Charitchie
3884,His_Grace
3885,SheriRubin
3891,BillMoyersHQ
3898,rzeczpospolita
3903,RaiBallaro
3905,Jon_Proctor_EU
3909,Future_of_West
3914,kamesaalessa
3917,yarmouthyellow1
3934,SCDP_NY
3941,Juliet777777
3945,LolaGanzarolli
3948,McTSingh
3958,Irreverent_rant
3963,Mitkrieger
3966,feminizza
3967,GettyImagesNews
3968,sergimulero
3969,Soeur_Marijuana
3970,Arron_banks
3974,gem_glasscock
3977,FabianPicardo
3978,BarrioLatino67
3979,kolydka
3984,oloziolo
3988,uktostayeu
3991,fellsider73
3998,WSWS_Updates
4001,JuedischeOnline
4004,Greenrhino3
4008,PhotoMonty
4010,htTweets
4012,EssexPR
4015,ArifBBC
4017,James_MacQ
4020,DominicWaghorn
4021,martinhaase
4025,djtonytoni
4029,darlycox
4032,JonnyHoyle2
4036,zebercet0
4037,Beanpeanut2016
4038,KNP2BP
4040,1800ASENNA
4042,InvGurInd
4047,SusanHayes_
4049,WarwickLeaveEU
4056,Ant1Adam
4057,austrianeconomi
4062,OssiMarzahn
4064,1ResilientSoul
4070,kvanbrempt
4079,prakharrulzz
4081,iggychevalier
4082,BrexitVoter
4086,mac123_m
4092,sat1
4094,robert7019
4096,mpk
4102,RKacinskas
4107,Adrian_Wood1
4115,neversh0utemma
4125,StrongerInPress
4131,jhijo11
4137,mikeysmith
4138,EUAreKidding
4139,PoliticsGhost
4141,MMA_geek
4148,jeremo12
4162,Trev_Forrester
4165,ruthbarnesmusic
4167,GFabrygherardi
4186,Another_Europe
4187,bluehand007
4198,SavidgeReads
4200,sajjanjindal59
4209,IpswichInEU
4213,Havering_In
4214,andygmckay
4217,AdriaanBeenen
4222,womanonthebeech
4224,domhammond2
4225,DemocraziaVerde
4231,TweetManMitch
4232,ragana74
4235,StZ_NEWS
4236,TheMediaTweets
4240,LiarMPs
4242,Junge_Freiheit
4245,El_Universal_Mx
4259,kmitsotakis
4261,TaijiBarbie
4263,HAMBURGonline
4276,foxnation
4281,jamesdoleman
4291,nijinskas
4293,TickerPlantInd
4295,THEAaronWong
4302,roepme
4309,davidharsanyi
4310,IngeVernooyPhi
4312,carbonsaveruk
4322,ProfMEvans
4323,TheBrandonMorse
4331,BambiStJay
4332,LudoLEJEUNE
4338,DannyMRoberts
4346,iConnology
4354,eshaLegal
4356,gabirobfrance
4358,Amathyst25
4374,LoesjeNL
4389,mendcommunity
4393,Junge_Union
4399,JeremyCorbyn4PM
4400,SnouckHurgronje
4406,simonbarrow
4436,jwmullaney
4450,F1Photographer
4453,buongiorno9
4466,RabnawazA
4473,SimonMcBurney
4481,prowhitesunite
4484,humanityfirstuk
4487,joannahalpin
4490,DiscoverFT
4491,julian_hagger
4494,tc85uk
4496,DeafDumpBlin
4504,shilkytouch
4523,XxPLWxX
4527,passport_plates
4530,Ashley_Bullard
4533,IamalrightJack
4546,Isa_Adinolfi
4563,larapulver
4566,Bristol_SG
4568,ASEANMP
4570,Poocha
4571,GawenJenkin
4573,Uiteuropeseunie
4576,jdwtweet
4581,espry
4587,AlbertoBagnai
4590,MENnewsdesk
4593,DCGSPolitics
4595,Agnelieee
4597,wilkravitz
4598,1ord_lucan
4602,FilipHorky
4604,AbouAmara
4607,jacekpuchalski
4609,stewartcarr2
4629,Mr_CallumWright
4636,Albion_Rover
4644,FearDept
4650,syncrodox1
4651,stevebeasant
4652,Monika_Rosen
4660,Brendy_Rose
4661,ResearchEurope
4671,MurdochUniNews
4674,mittalrag
4676,BradleyRAyres
4677,EUVoteLeave23rd
4678,thisbigcity
4681,FiveRights
4685,PiratenBayern
4691,eMediaWatcher
4707,HerveLambel
4708,cinterruptus
4711,riotta
4713,324cat
4719,geoviews
4722,markjhooper
4723,udouseless
4727,EC11583525
4733,PaulJamesOakley
4740,nightynouse
4746,skismemorandum
4753,MarkInNorthWest
4754,THemingford
4756,ianmodmoore
4757,ReutersIndia
4760,vikashp211
4766,NoConclusion79
4769,WeAreTheMU
4772,ErtSocial
4776,LogicalCampaign
4777,CornwallTory
4783,re_beckyy
4787,protagongr
4792,TonyPivetta
4800,willbeluckysoon
4802,fdelond
4811,wastedbarbie11
4814,AgnesFlues
4818,PierreABISAAB
4822,Bencjacobs
4823,OlcayGirgic
4839,jennyriarchi
4844,KrisAnneHall
4849,PennyRed
4866,DrJasonJohnson
4871,_AkashSahu
4879,patel4witham
4881,AliceHoylePSHE
4882,laurarochelle4
4887,AvecNvb
4892,gwion18
4896,Lonesome_Dave
4901,TomiLaffly
4903,Red_Panels
4907,Mischka0816
4908,bernerlap
4912,Number10cat
4916,instyle_UK
4918,MagsNews
4920,FerGalanti
4924,BoringOleFart
4928,rosemaryCNN
4935,Belfast_Red_
4945,s0nnymoore
4954,TomJacobson1997
4955,Hannesz1956
4959,KaminskiTheresa
4963,KathaSchulze
4964,rationalhouse1
4968,GrecOfficial
4972,SteveMTalk
4974,beleaveuk
4980,kanekos69
4981,VentYerSpleen
4992,SimonMTier
4995,AngusRobertson
4997,Slyquinn
5000,JReubenCIark
5001,charlemagne1968
5011,ROBZIK
5012,michaelsparling
5013,gupta_james
5016,Ian_Fraser
5018,randadrr
5019,ChrisLawSNP
5026,roberteno1
5031,seniordunn
5033,paiigea
5036,europechinese
5040,1_texanna
5042,Klopptimism
5044,The_IN_Van
5046,latterell
5057,ntvuganda
5059,Geoffrey_Cox
5066,rwjdingwall
5067,SubStacie2
5076,ksej
5077,FreierFall2QaF
5083,GobbatoOmar
5087,annajren
5091,ReutersBiz
5101,Bellboy1892
5106,BlondieJanner
5115,PeterInDevon
5117,ninakcarroll
5118,wisermonkeys
5120,espressogeoff
5121,EmployeeBenefit
5122,lyonana
5123,Info_Vox
5127,_adespotos_
5135,timesofindia
5136,radio1be
5138,FranciscoTije2
5140,RemainCF
5146,Daniele8Morelli
5188,PhilLayden
5205,amnesty
5217,Mohamad_alkhedr
5228,Akalnasr
5231,strebornhoj
5232,SallyBundockBBC
5233,NewsatTwm
5236,mercadomagico
5248,Hannah_MCurtis
5250,LilacLibrarian
5252,DPWF0
5258,_A1Dez
5260,IHC_PR
5268,melibeus1
5275,VictorZubarev
5278,Kris_Sacrebleu
5285,CarolynOwen
5287,connorratliff
5293,rhia97eq
5294,maurobiani
5298,OfficiallyGT
5305,flabel82
5306,nickeardleybbc
5310,ShappiKhorsandi
5311,rschonck
5313,nickhebditch
5319,MAvellaneda55
5320,benoitlegoff
5336,SweetCacophony
5347,RikeFranke
5354,NinoRosella
5361,threeinchfooll
5364,U2Girona
5367,Cupacoco
5368,Dodsworthless
5374,IamCarrieeeeee
5380,Gus_ODonnell
5385,nicmax25
5387,TheSun
5389,JonMatthewsUK
5397,taimshamii
5406,jimchrisbell
5408,davidicke
5415,betteroutofEU
5416,BBCBreakfast
5425,Burnsy_YnysMon
5427,charlycox1
5447,sean_coley
5454,TaronEgerton
5460,AndrewIMarshall
5461,WillBlackWriter
5462,_HankRearden
5465,StringfellowIS
5466,i_montaigne
5480,marin350
5481,SkyTG24
5485,jeremycorbyn
5487,SarahHenney
5489,MrDuttonPeabody
5494,Greekboy8
5497,UrbanSpook
5500,scotpolitik
5502,andyrv1960
5511,leo14754
5512,britinfluence
5515,trished
5523,mystatistician
5524,hjaideep
5543,RobinNiblett
5559,ToyaDelazy
5561,BringTheVIBES
5565,memalone9
5571,mwinnington
5575,Louisemac
5587,hamnitup
5588,Pablodruida
5605,Doylech
5609,J599
5618,LeFilDebats
5628,eagencye
5633,scotlibdems
5635,LeMoustier
5636,Mrs_Custardbath
5643,drmikefraser
5648,CSS_Aus
5649,UnaDiscamus
5650,euronews
5652,Lexi_Martini
5657,livemint
5670,twitersavior
5681,BearGardenMan
5682,HSJnews
5687,AmaBodhi2
5688,fcstpauli
5694,j20cz
5695,conorburns_mp
5696,GrahamGtk1954
5699,GeorgeAylett
5702,NeilHarding
5705,bootneck
5731,Gillemhuire
5733,uniforbritain
5735,AmiV2
5737,ksvictor
5741,DavidDaymar
5747,ShinSaeJia
5754,BennettArron
5758,Gr8LakesCzarina
5761,hammett_steve
5767,thetimes
5769,ChloeVotesLeave
5772,charl_the1975
5776,sleroux_lemarin
5783,Blairy20
5787,zeitonline
5792,isetta_windsor
5795,TheaDickinson
5797,DarkBeige
5808,LJHarteFH
5810,franceinfo
5816,RuthCayford
5821,rhodri_huw
5822,GerberKawasaki
5826,orelhoes
5828,AsiaKorycinska
5829,BeautyInBeta
5839,amliveonsafm
5843,patcondell
5844,NicolaSturgeon
5845,neilwilson
5848,dailypostwales
5854,RealRavii
5856,Dyslexiaaware
5858,lebas_janney
5868,obritom
5881,EurActivPoland
5884,cherryhealey
5892,katesfxmakeup
5893,marionecomix
5899,AutorSvenHensel
5903,LSBU
5905,Mattbourne1
5916,Industry40
5921,PeatWorrier
5939,Chaarity19
5941,SirBlimelyWindy
5945,conniebritton
5946,scotsdiaspora
5947,noelleal
5949,F5here
5952,anoyes
5956,fandetv
5962,BRtremballa1
5963,ValerieFourniou
5964,farrellt66
5981,OpenBritain
5993,vickyvette
6003,jonathanfryer
6006,HandofGOD7
6008,Sunil_P2
6012,Pottrays
6013,Diggrich_
6016,muyinteresante
6017,TheRedRag
6020,IngridElle
6022,MarcelinoF54
6024,VictorEriceira
6036,CapitalVia
6039,mourbay
6042,apgalat
6052,Scientists4EU
6053,Inglorious_C
6070,Daniela_Vintila
6071,JLConcejero
6075,jane_webber
6078,B3zero
6098,Leavethe_EU
6099,oflynnmep
6104,_WIN_MONEY
6105,Mylegalforum
6106,LiamClark309
6110,SmithTonyD
6118,chuckdevore
6120,Im_Crossbow
6121,meltycasa
6129,SkyNewsBreak
6133,sdutIdeas
6136,CNTIndia
6138,StefanLeifert
6140,LastChance4UK
6143,Woodlandbookshp
6149,sarahjanesewell
6150,45albannach
6156,rafu007
6160,naszxc
6162,BI_Europe
6169,CityTaxUnit
6177,TwitterUK
6198,theuniszen
6202,gerrylynch
6203,______ava
6204,HHSGov
6205,tbigggs
6209,GuidoFawkes
6222,Le_Figaro
6224,AnglosearchNews
6227,PaulCTV
6229,jessphillips
6233,NeverJacobus
6238,DeonGouws_Credo
6246,sunnynorwich
6258,MATTSMATTS
6259,Burnt_Out_Darth
6262,Outrage_Bus
6265,lesbonner
6280,StephenLees4
6293,danmcgrady
6297,RebAdlerNissen
6300,ilmanifesto
6302,journalistblog
6312,andreconfiado
6320,berndlange
6325,MickKarma
6333,MeanwhileScotia
6334,LinkedInUK
6338,mylittlepwnies3
6339,martinjackson56
6341,Lavrenti_I
6350,JihadistJoe
6359,Reasons2Remain
6369,Lad87Red
6371,annmarieparry
6388,ZsuzsannaKun
6392,Claudia_Mertes
6395,PKYouthVoice
6400,A_Liberty_Rebel
6405,WeDoNotLearn73
6411,DuniraStrategy
6415,oriol_ges
6416,Bluenosebrad
6417,Entera2mx
6420,Addertje2
6434,davidoclubb
6435,cat_1012000
6449,ianrmillard
6499,Channel4
6508,TW_nextmedia
6509,publicsenat
6516,Outoftweet123
6523,DominicMc999
6529,1danielcarroll
6535,Louners_
6539,LeftiesExposed
6544,UKLabour
6551,RadiowaJedynka
6555,ABlakeley
6562,D_Sowle
6570,DevonLife
6604,elespanolcom
6606,WolfgangLohmann
6624,fubaglady
6626,SanamF24
6628,Radio3tweet
6637,SarahAFC69
6639,bernardjenkin
6651,white_defender
6671,wsrw
6678,ciddikaptan
6679,chrisdysonHT
6681,missscottfraser
6684,flhuxtable
6694,RajrishiSinghal
6709,MrJoeMcFadden
6713,FergHodgson
6715,ChesterfieldBC
6720,OkKelly22
6723,economics
6724,NRO
6733,Brand_EU
6734,Nigel_Lake
6736,STcom
6746,tamcohen
6754,thibierge_louis
6770,ImGregCook
6775,ndaktuell
6776,pietercleppe
6777,davieclegg
6779,Scib77
6781,shaunacoxsey
6785,IndigndeVerdad
6789,SputnikNewsUK
6814,kenny_orbex
6822,KevinLehane
6827,adrianaschet
6830,LabourJames
6832,JCB_Digger
6844,Y_Eurosceptics
6851,beerviewmirr0r
6859,CataloniaYes
6870,tprincedelamour
6876,WhittleseyOne
6877,wirereporter
6878,genophilia
6884,helenzille
6894,Women5050
6896,DirkMaggs
6906,andymannion77
6910,esther_305
6913,Jonteinspain
6918,jackseale
6919,FelixPearson_
6923,rights_info
6945,KhagnibAlex
6951,DominicFarrell
6954,FRESHat5
6962,KirkKus
6970,OliverPhelps
6971,xsonambharj
6975,tonilhouse
6978,CzarVT
6990,nigel2john
6991,Babayan999Love
6996,Darren32895836
7001,etribune
7005,tomchapman16
7007,MalcCarter
7013,columbophile
7028,TonyAcapulco72
7034,Hug0R0ss
7038,Justine_Gosling
7051,albertjohn
7056,diegodelacruz
7060,ThierryMARIANI
7063,HannahB4LiviMP
7065,eprotothema
7077,Ricou_Du_Val
7084,J_vitBR
7087,lavoixdunord
7094,John_mills_jml
7105,MoAnsar
7111,mark_dow
7115,JonnyGeller
7121,Saint_Spitfire
7126,JLLUKRetail
7132,Norman_McLay
7136,JackCox1901
7140,AinslieBen
7147,CareAtHandLtd
7154,OpBlackVote
7161,_AnimalAdvocate
7166,SalmanSoz
7168,RefugeeCrimeMap
7176,SG__Symposium
7179,GeertNoels
7180,jamieamartin1
7184,SilverFoxZone
7187,piersmorgan
7190,hyper_chondriac
7195,theagentsdiary
7196,JLongworthVL
7197,JoshUJWorld
7203,oliviersocrate3
7205,thirdwaycanada
7206,RalfLittle
7212,kathmandupost
7229,AntonBoym
7235,Stra3077
7241,MarianaWith1N
7243,JamesTorkington
7244,michaelsavage
7246,BristolCouncil
7247,TheHappyKipper
7252,entrepreneur987
7253,geraldhowarth
7260,moved_average
7265,MANUTD_LVG_
7280,kpmguk
7288,Freiwilligfrei
7289,repubblicait
7299,Guards_Info
7302,ReinformationRC
7303,ImranELSS
7305,Prince___Harry
7306,mmister
7307,citedeleconomie
7309,realdealdanny
7310,ReenaKanji
7317,ZirconHD
7318,PhilipCJames
7320,brislordmayor
7325,KevinKapustka
7333,gianamariex
7336,annemichel_LM
7342,AJTurk
7348,Itanduofores
7360,brandyorkshire
7374,EtaBetaRadio1
7376,junesarpong
7379,BethRigby
7386,SunPolitics
7390,scotgp
7392,2Pats2
7399,MufcHobo
7400,NST_Online
7401,MorriganWolfe
7407,GeoffroyGerard
7409,Vauxhall_In
7417,BBCAfrica
7420,Stredni_trida
7421,HowShouldWeVote
7424,patrickharvie
7429,HonErich
7431,exUKexHK
7436,ChiOnwurah
7458,iVoteStay
7461,UkipaLotMoreIan
7462,Cvetin
7466,Sergiojrivas
7467,lukejoh01158045
7468,ArsenaleKappa
7475,EUNoticeFacts
7479,BOOKSetc_online
7484,andersostlund
7485,HandMadePeter
7490,LittleMissFoxyy
7492,invest_mutual
7496,LewisJamesBrown
7498,volfixer
7500,StewartWood
7508,RoundLike
7518,ChatLUFC
7529,laliberte
7533,cathynewman
7536,nigel_simmonds
7543,Cumbernauld
7544,SkyData
7549,RobertKnijff
7552,gruffingtonpost
7559,BanTheBBC
7564,johnprescott
7566,StrongerinhammS
7570,__HpFans__
7572,royalsociety
7578,MorrisseyHelena
7579,Yidbert
7581,MimiLatinova
7589,CestdeTrop
7592,Paula967
7595,Doctor_Gooner94
7600,EuromaidanPress
7609,RyanJL
7615,TCENTRAL_FR
7634,bullrike
7635,jezharvey
7637,fogelklou
7644,Buzzard_Stubble
7646,simon_price01
7651,xxreedy
7657,FraserOliverDB
7663,TGreensall
7666,brushyblue
7667,aarontask
7692,Vendetta_Max
7697,Chamby55
7705,pashtunatheist
7706,AusWhiteFront
7716,sophie_lexi
7718,boodleoops
7720,jcx27
7726,Peteatkin2
7729,ONELONEDOLPHIN
7735,Palayo
7745,susannekendler
7746,FriaryMill
7757,dr_shibley
7761,Spredfast
7781,Soccernews_nl
7782,policzer
7785,BloombergRadio
7788,dna
7790,cnbcSri
7793,AlistairJarvis
7796,lucy5137
7803,RaajShamji
7806,CelticDenise
7816,Manon_Bouquin
7819,jondunlop
7830,NsNrs1
7832,londonleben
7834,NickGriffinBU
7836,boomboomshavaye
7838,LadyRhondda
7840,SirWelshie
7843,lukemcgee
7849,claireehowell
7851,hosekj
7853,JoBlack
7857,MemberWise
7867,simonadudu
7870,hxrrywxlsh
7873,SimarinerGY
7877,BrexitWatch
7893,longtallshazza
7897,matthew_speaks
7900,SavemyNHS
7902,ListonGroup
7906,mjbadar
7907,taralatkinson
7915,DavidForde92
7919,_charl0ttesweb
7931,PhillJDunn
7939,OneFusionZW
7940,belangerjf
7946,andygaskell1875
7947,PrometeiaGroup
7951,mellberr
7954,PaulPolman
7966,nbstv
7973,x_risag
7975,GeeKayFettle
7995,BeachCT
8004,DerekBlasberg
8018,ROGSAHL
8022,TheEvanCarroll
8025,netchys
8028,Sargon_of_Akkad
8029,hatmitnixzutun
8039,_jojibear
8044,veronicadearly
8049,maryohara1
8051,ChristianBaker0
8054,evagiovannini
8063,Twittblaster
8065,JCarrollASPI
8073,superegomark
8076,Daily_Express
8079,drhamedkhan
8097,JoeTwyman
8100,RocktailAssoc
8104,freepress42
8108,Biz_TheNation
8119,euradionantes
8130,MidwivesRCM
8141,SvobodaRadio
8146,Cristina_Cusco
8152,anarchoass
8154,benwesson
8158,rizalzulkapli
8159,rachellybee
8165,LiamFoxMP
8168,GoodJohn67
8170,deg464
8173,agrapresse
8178,IGAus
8188,DMReporter
8190,MaGeLaNe72
8202,taximassive
8207,cockneyreject
8214,tasciccac
8222,jul_mm
8223,IvorGrumble
8225,WomenforBritain
8229,GreenKeithMEP
8232,evvo123
8238,geoff_taylor
8245,LordRennard
8259,snballard
8263,hulswood
8265,pizzaman21
8266,chrisjuko
8268,tomoyra
8279,Sijbren_deJong
8280,sofiecn
8318,TheAnfieldRoar_
8320,WestFmKenya
8321,eisen
8328,LitChick79
8332,racheljoyce
8335,Mikeofthemoor
8343,WilliamDuguid1
8368,minefornothing
8369,TomJensen1966
8371,AlastairMorgan
8374,ditmirbushati
8378,ilsegott
8380,mew942a
8389,Credit_Agricole
8395,sarah_nowha1234
8399,_Oliver_James_
8400,TotallyTopical2
8402,eurodisastro
8409,SAPAriba
8410,dgo1252
8415,RaviSubbie
8418,RamonaMGreene
8420,AnnoyedGamer
8421,pengovsky
8432,JoopSoesan
8433,OldNickParis
8435,Bad_Girl_Bex
8440,LawrenceDogg
8449,evangie
8453,DarkGermany
8457,lambda_9
8458,NanneeG
8470,annadoble
8473,BeckenhamBuzz
8491,DanielGwydion
8494,XHNews
8496,LBLDemocracy
8523,kevverage
8530,HandeAkmehmet
8541,vickyhall86
8545,jennymcc_
8548,BolsoverBeast
8549,BosseStine
8553,prokrastinix
8562,ktf1965
8574,CllrJonSHarvey
8581,3eechy
8584,MentalMinks
8591,kvaker81
8594,JDGMills
8598,kenanmalik
8599,FrkGuiot
8606,numquam_desiste
8609,eldeemocrat
8611,Kawaii_Girl_x
8615,ManuelaKC
8618,UDIjeunes
8622,val_hudson
8631,JolyonRubs
8639,brilliantblue_
8640,Moedas
8641,PierreBonneyrat
8651,Legionness
8675,adiasistos
8680,TheLocalItaly
8685,Vancouverowls
8690,RussiaConnects
8696,ClintSzymon
8701,Fashionopolis
8704,MitchellGoldie
8707,juancamus
8709,ObinwudeFrancis
8713,ToryEurosceptic
8714,flat_ops
8742,dariomazzola
8744,russjb2512
8750,jasonsfolly
8757,fvdemocratie
8762,DogsTrust
8768,yellowfan26
8774,nellybabs
8776,KH_Bailey
8780,willharmonica
8782,kailashwg
8784,Pierre_St_Roch
8785,HouseOfTraitors
8786,AlArabiya_Eng
8795,swahilitimes
8805,IndiestarrSarah
8809,cfy70
8813,AngryGoTFan
8821,pedro6lugones96
8825,durczokk
8836,annawilsonnn_
8841,farrukh_sair
8843,JolyonMaugham
8859,JohnDelacour
8864,Sebelius29
8889,niall_gooch
8892,konel_valar
8893,SarahDuncan70
8895,RobinBew
8897,jbwhitesnake
8912,EdithKayRickett
8914,thewombats
8919,MrsALatham
8920,LornaaMeAtSixx
8921,paulajradcliffe
8925,DailyMailUK
8929,rosscolquhoun
8931,BrettMDecker
8932,CyrilPetit
8942,speedsailor
8953,shizjane
8957,littlebamboox
8964,zaach_pightling
8966,HazzaD_
8969,rodadams46
8976,irishspy
8979,lovselby
8980,antonio_gemelli
8994,PaulBigland1
8997,AMDWaters
9009,abcnews
9020,hattiepearson
9028,tvp_info
9034,Soppressatira
9040,Jack_Slater
9044,OvaskaOvaska
9047,FrankThomas27
9066,jelenak021
9073,BestBidderGi
9081,jCalderLibDem
9082,MattSingh_
9083,CiLuna27
9084,Der_Dutschi
9098,UITPnews
9102,TheHillierBloke
9106,NicolaClase
9110,MEDIAprogEU
9113,chrisg0000
9131,tobes444
9135,lathiotakis
9142,louteasdale
9144,StockSherlock
9150,peterjharris66
9152,elabe_fr
9154,urbancomms
9160,reFocusZone
9164,flaunttnualf
9171,MartinSLewis
9198,JoelTory
9204,Greg_5mith
9209,michaelsheen
9215,BobLeCentriste
9218,Vectorcurl
9224,Hunter1872
9225,bdacaroline
9230,WiederstandB
9242,auntysocialist
9247,lastchance4usa
9259,theatre_direct
9266,Velvet_Onion
9268,DJBR0
9273,tiaisanoob
9275,peter_schibli
9278,emmyale
9282,mjrobbins
9298,CosmUnity
9306,SP33D_STORM
9313,AngloBeat
9317,ssiekmann
9323,Gertusout
9324,davewalker
9331,42ndClass
9343,nora_eats
9344,LiamForUK
9348,txbeardman
9370,AmpersUK
9372,LawsonAndy
9373,n0b0dyn0where
9374,davidburrowesmp
9380,SiamolaGente
9402,indian_stockss
9403,jonisteiner
9410,SeimenBurum
9419,TNorrisYEG
9421,smaldini
9422,mvanhulten
9427,James_Thorburn
9429,oysterguide
9430,NoDaTeddi
9437,Pikesse
9443,SWDorsetGreens
9452,WomaninHavana
9456,langlemort
9459,WhiteWednesday
9460,CaminoMortera
9489,TimD366
9498,lucyallan
9499,dridje1
9501,euroinvestnews
9504,Keroppo
9507,IBTimesUK
9508,andrewdunning
9509,EEPeterDavidson
9525,bastilledan
9527,david_belliard
9530,DrFuzzbush
9531,DavidRomeiPHD
9534,ZDFheute
9551,MD_Franz
9562,Mario_DAloisio
9564,merle61
9565,MortimerEngland
9572,StanCollymore
9576,wordsonlife
9586,solarimpulse
9591,soult
9595,surferchecker
9604,gxxm_
9620,WikiPickie
9622,PlebLand
9627,Sam_Lakeman
9630,KoosJansen
9634,ewanmcintosh
9637,CaraDillonSings
9639,Stone_SkyNews
9642,cgledhill
9649,UDI_off
9656,larrymeath
9657,DrPeteOrford
9663,SwindonVoice
9677,Christos_Loulis
9679,USAmbNepal
9680,WillMcHoebag
9681,BellaSassin
9683,NatalieMcgarry
9687,FPaccountants
9690,GBCNewsroom
9692,outlaw316
9693,Emmabarnett
9695,rachelandrew
9696,jackdef94
9705,simonjhix
9714,SarahOwen_
9718,aandy1959
9736,lykkefriis
9741,SPIEGELONLINE
9746,sn0wba111
9754,vgafter
9755,florianeder
9771,Luminaria98
9783,AlptekinAkdogan
9808,ChrisParrTHE
9811,michaelcaster
9822,SGoteborg
9823,lizzihill
9827,JenniferHofer
9830,MichaelAbberton
9834,allangrogan
9839,nikinsammy
9840,beck1sm
9847,cripesonfriday
9851,EstatesGazette
9856,HardyAndHay
9857,svaxelaire
9859,sfliberty
9866,POLITICOEurope
9878,RandolpheLibre
9911,murdo_fraser
9914,pablocasado_
9928,OllieDavo_
9939,AmyyEdwardss_
9943,bolsaygana
9947,He_Has_Failed
9957,LeonardoFiorito
9960,insopportabile
9961,PeterMcAllister
9968,fpisano
10006,ICMCapital
10009,Spiro0815
10012,bjegou
10028,benkalcher
10035,indykaila
10060,GregHands
10065,N1infoZG
10082,livadia1912
10084,nivek27
10097,comunidadfinan
10104,tesfenews
10110,andreassoridis
10113,BGSHist
10116,glopol_analysis
10117,AyePatz
10123,MikePannett
10131,PA
10136,JasonMcCartney
10141,SWIM_DEEP
10145,MonashUni
10146,waddahFADUL
10154,EUMichaelRyan
10158,mybodyGG
10168,owensheers
10170,AdeccoGroupUK
10179,robert1z
10201,_WilliamJones_
10202,jakeyt23
10206,22_Minutes
10207,whatSFSaid
10227,ssosyalizm
10228,jackbutcher86
10235,LAUmusic
10243,RTLFrance
10260,OhHeyJacob
10262,klaasm67
10263,akk_1979
10281,John_Whitelegg
10294,JePatriote
10297,churchscotland
10302,davidplatten
10312,mostlyscarce
10316,leberry_fr
10319,3fatcats
10326,GothgrrlParker
10327,McLonergan
10334,philippesands
10342,ChLECHEVALIER
10352,UEFAcom_de
10363,TheDanHough
10366,jamesrforrester
10368,savicdomen
10371,Nick_MV3D
10373,Newsmonkey_BE
10390,barlaventoexp
10391,lindatheactor
10408,ScottBSmith
10410,Francolinie
10417,tonodelacuesta
10423,racheldurham84
10429,ItsMeMunroeC
10430,TheScepticIsle
10435,GeorgiesOnline
10437,StrongerDurham
10448,LefterisElLobo
10467,rxhdem
10470,bjh_ip
10489,timjohnston_89
10490,NinjaEconomics
10499,YouthCabinet
10502,RacingGreen1976
10515,StefanGoes
10529,sharonwit
10535,OFrancois60200
10563,Pandamoanimum
10569,Frances_Coppola
10587,RussellScatrap
10588,KennedyNation
10589,wmediabusiness
10592,wef
10594,JohanneH
10598,jennymaclondon
10600,diamondgirl78
10608,Dombelina
10613,EgoMaid
10635,vbenard
10637,michaelayling
10643,Excalibur57X
10651,SpirosMargaris
10685,hammersmithandy
10690,TRUNEWS
10691,LibDems
10694,Paulo_G_1987
10696,liz_lizanderson
10699,tvsvizzera
10703,IndEmbassyBru
10722,bigdanf46
10733,I8lbe
10736,AlbonsChum
10743,NikiAlbon
10748,WildlifeTrusts
10770,JoannaUK
10782,james_carroll
10785,BlottGott
10790,seapowerthinker
10792,cetriolo1
10793,PrinceJasper
10800,cllrjoeporter
10804,BookieBashers
10806,drpaulmorgIN
10812,SAFRAN
10818,JorgenFaxholm
10823,FergusMason1
10827,CALA_1111
10828,DagmarKirk
10846,jrf_uk
10847,YanniKouts
10854,DamianHealy
10865,pmerenla
10869,asabenn
10870,hanslope
10873,RevJodyStowell
10878,latinmassuk
10883,Gallinella_F
10894,Alexicon83
10897,outsizedreturn
10904,AlexBroun
10914,EHertsWEssex
10918,JamesWaititu
10920,finnheathen
10924,johnmknox
10927,FionnaighHessey
10928,robezenk
10931,ID_Lingoservice
10933,ronaldlaessig
10934,LesRosbifs
10941,AngryBulldog
10945,cdeg1
10946,limesonline
10965,JohnHiley
10971,imbalaska
10975,MattCaponeEsq
10976,Pop_Albert
10990,lucfontana
10992,silksmeister
10997,Engstfelder
11014,markverheijen1
11026,LcLeech33
11028,Brent_Council
11051,JamesDelingpole
11053,PMCallaghan
11056,beautyofblack
11066,speakoutquaker
11071,daodonovan
11074,LaurenceAnholt
11130,DavidGWrigley
11132,JanStretton
11137,DCorleone62
11139,christianmunthe
11143,ElenaValenciano
11149,Knightcartoons
11150,Bonfirecherry
11152,The_SoulMachine
11161,lushrabbi
11163,COPDdoc
11164,molumbe
11165,telloglou
11167,ginolasleftfoot
11173,_fanriot
11180,cocainezayn
11186,alexpstory
11192,GaryOfficial
11193,altheaefunshile
11209,BobDuffield
11214,chrisgeidner
11216,robmcd85
11230,DavePee
11231,SpookPatrols
11245,jani_kortti
11258,deYook
11261,GlasgowJacky
11263,MannersPR
11266,AnonPress
11271,mhaldurden
11278,realhansard
11282,Morgan_Jones
11283,stevethebear7
11284,Grogxn
11289,DavidBrexit
11290,OceanLady
11291,S_EFortin
11297,MaxdixieHayes
11303,IsaLabeyrie
11315,macrocredit
11320,onepleasantday
11326,SuziePerkins
11344,ambrareda
11347,tnewtondunn
11348,HenryFox92
11359,GC_Drew
11364,UPR44
11394,SergioChapa
11399,Nic_Nac86
11410,Tomidivide
11412,PeterTatchell
11415,JohnARead
11420,LabourNorth
11421,animaloftheweek
11437,DrCMiller
11438,secretcinema
11447,WayneRoot
11464,SOlottoUK
11470,awesommelier
11476,YIofficial
11483,redstrots
11486,fo_sag
11493,stefaniami
11503,JoostNiemoller
11509,La_Noticia_EC
11519,FadedLogik
11522,Furqan_Naeem
11524,wyattartist
11526,WES1919
11556,latimeralder
11566,Popjustice
11570,simufccrank
11583,antoa007
11593,CarstenVolkery
11614,NatashaRoth01
11624,StarAnderton
11631,jones_mahoney
11648,niomes12
11654,spir_arch
11664,Hayden1974
11666,_Thinker_Bell__
11667,ansatsu_sha
11678,GMBNHS
11681,Revcivis
11690,TommmmG
11706,McKeever_tweets
11710,sudradio
11718,catherinemep
11722,LairdElmski
11725,1957AJB
11772,LeVif
11779,alexandernoren
11780,SirMustard
11795,SirBasilBrush
11815,Tatu_City
11817,Keutelt
11829,scotstrongerin
11833,CallMeSpits
11843,HYTTIOAOA_
11847,maria_engstrom
11848,burdon57
11861,andrewbguy
11865,biancanade
11871,newsbykatriona
11875,rkbake
11876,matthewjsnape
11877,RoscoeIbebell
11881,MrRae1000
11904,pc_74
11910,MissCassHoskins
11925,Ruptly
11928,gareth_hurley
11929,Freelance_Ken
11957,rohitgandhi_
11960,leobarasi
11974,btckr
11979,propertydetect
11995,HilaryBurrage
11998,euvisions
12006,HistoryNeedsYou
12018,SophieBLovett
12031,KnaapenHenk
12041,mndVIPteam
12055,Emma_Hampton
12057,HU5_life
12058,rickinuk
12061,Stewart4Pboro
12074,JordonMann
12076,Ageficom
12078,GaryJRobinson
12086,katrienver
12091,tomschauersberg
12094,GreenJeanMEP
12095,MKGuide
12096,dannyjbailey
12104,thejamesdixon
12113,neilwallis1
12117,CharlieBeckett
12118,sudarshanweb
12119,AlexSkolnick
12130,LadyALondon
12144,SiobhanBenita
12156,Bob_Moritz
12175,StobnaBroige
12190,ALFEAL
12191,tnpcollection
12194,EmmaJDay
12220,LabourRemain
12221,mishrashiv
12240,SnowHydro
12242,Greekstudent12
12259,johnnyboyjazz
12263,pennystocksusa
12275,WienerZeitung
12280,ShiteSportsNews
12312,MuharremDemirok
12322,ivanfooty4all
12323,welshlabour
12329,Sue_Stokes
12335,UneasyQuasar
12337,AGCarta
12344,Languedeuxpute
12363,sarahwollaston
12370,h0t_p0ppy
12385,ArizonaSloan
12388,C_KAndrews
12393,chrispevans1
12396,mikelevandi
12403,tom_ComRes
12406,MissionD3
12407,martinmckee
12414,RowansVlogathon
12415,mastibara
12421,Scott_Arthur
12432,73deva73
12438,jamken123
12439,pilarmarcosd
12442,Cary88888888
12443,salzburg_com
12469,aidanspeedo
12474,RaboEconomie
12479,suitcasebecky
12480,AishaAkbar17
12482,UKIPBroxtowe
12501,royalacademy
12507,davidneyskens
12512,PankajPrasade
12524,swainjo
12526,Fillon_78
12534,Dafydd_Wigley
12536,ZaxidNet
12539,Weeklyoptions
12540,claudio_schmid
12541,econromesh
12544,Pearlie_mack
12545,WEPLewisham
12553,Prototype_No_07
12559,dr_chris_jones
12560,MetroRadioNews
12563,McGiff
12575,NathanGillMEP
12577,celebsfworlds
12578,WinWinCyprus
12591,jmaphatie
12615,F1_God_Fan
12618,EHChalus
12623,TuomasEnbuske
12626,ClemensAlive
12629,RadcliffeBlade
12637,JakeKevinMarsh
12640,adi_peltz
12655,londonnews__
12667,Lol_Smurfs
12672,Kunstseidene
12677,FrVigne
12686,hogihogarth
12703,cabinetmillion
12704,J_Gilbert_
12705,beppecaccia
12709,GoPandora
12711,michellejonker
12715,Odbe34
12718,eightyfivemusic
12725,Savion_C
12734,sibod
12745,hellschreiber
12788,roomdesign3
12794,RichardBSpencer
12803,Shadz66Shadz6t6
12821,MattCorti
12836,GiuseppePalma78
12840,RebeccaTVnews
12855,DouglasUnwin
12856,hugh_waters
12857,ShuklaRajiv
12865,CrusadeFan
12888,olyduff
12903,A_Weatherall
12905,vikasvij
12910,actarus1070
12915,pjpaton
12919,ReutersUK
12927,avannedubash
12930,geertwilderspvv
12937,LiamR_J
12938,StephsBubble
12942,Oneindia
12950,saul42
12953,ProudPatriot101
12964,MKEscort
12973,paulnuttallukip
12975,Tur1883
12982,UFOHUNTERORGUK
12995,agy100
13002,wileikelboom
13019,designthinkbot
13021,DagensArbete
13037,MrMalky
13041,CoC47331
13043,riccardo_fra
13048,TimMarbun
13052,RobinEnochs
13057,Eugene_Simon
13064,mar45
13065,RemaininEU
13067,LGBTLabour
13069,laprovence
13080,SAYNO2EU
13089,worldprayerc
13092,swans_dan
13097,tomsimms_
13101,planamikebarry
13126,Lancs_FireDCFO
13129,RobbieStaples
13131,karmel80
13144,oriath
13160,stillcrowing1
13167,AMCELL
13173,VantageFX
13175,reeBashraheel
13178,StormBringer15
13180,deanna_allison
13181,f0ster
13183,steve_sps
13188,monkeymoots
13194,LeaveGetPoor
13196,Mou_Gui
13199,Albo_04
13202,sarahwilson85
13203,LeonieGreene
13227,yslou
13230,garwboy
13234,StarSparkle_UK
13238,chirurgenwelpe
13247,LisaBloor
13248,L6HJH
13257,MrTopple
13266,greennomad61
13268,Cocollette
13277,neitileu
13278,opapierre
13281,Ramchaas
13291,amountainman69
13295,honestbillee
13308,FeldNanna
13311,soulpvnks
13314,ChrisWhite_MP
13318,StefMichalak
13319,mmehmood_100
13321,TeddyUKIPClark
13361,JoshLeNeveu
13364,mseltzermayr
13370,lavozdegalicia
13378,opheliasbrother
13388,jlebena
13396,zesty_europe
13402,ecmagenda
13421,DLFNachrichten
13424,TonyJuniper
13426,London_Nut
13432,LIGAnet
13438,Leicester_Merc
13455,KazimierzIIIWlk
13458,starmanjack43
13462,GC_HeadHunter
13470,jvyde
13475,kimleclerc
13484,SageofAbbott
13487,ZurawskiMichael
13489,ELLEUK
13490,eloiseerapseyy
13505,partia_korwin
13510,K_suchak
13513,markasmith
13528,carleydaniel_
13529,RDC_DoR
13531,Robhartl
13542,LifeOnBaars
13548,KennethTharp
13549,MidWest_Girl123
13559,Imjealousofthe
13566,pressfreedom
13568,Swordoftruth16
13577,RachelStewart10
13595,carlquintanilla
13604,eduardoulibarr1
13636,trxtrx1
13641,TA_LDN
13642,Luca_Mussati
13645,axasarlassur
13647,UniversitiesUK
13648,sunderlanduni
13650,PaxtonMurray
13652,FunkhausEuropa
13660,EuropaJens
13669,joancondijts
13674,lesterbroom48
13675,NickMcClane
13680,SGadiLondon
13688,rubraduke
13702,yasserlouati
13707,SimonLoftyMoore
13731,Guys_page
13738,kattolikamente
13753,PrimiumCM
13755,clydevpg
13762,thelawyercatrin
13787,DavidHadley1973
13789,IAM_magazine
13800,KMKVSKP
13807,CordenNEWS
13829,AndrewStoneman
13846,publio71
13849,neilcourtis
13851,HarryFarls
13857,gagasklaine
13859,UnHommedeGauche
13867,puppewashi
13875,PolitixGal
13881,deejayhome
13883,AndrewAtter
13906,1echidna
13911,balleryna
13921,EstrategiasTv
13926,MagnusBarsoe
13928,BuggerLePanda
13934,NickyPezza
13936,camanpour
13942,DrJJE
13943,PeacePiper
13949,gavmacn
13952,ge_nightingale
13957,PeterMurrell
13971,fabya
13991,bimmerzimmer
13996,JillDellow
14001,MitchellReardon
14002,nico2312
14011,Frau_Kepetry
14028,HCJKuenssberg
14035,RigsbySiv
14038,pourmecoffee
14039,JulesSunbeam
14045,SadiqKhan
14051,1LIVE
14052,AdeBroucker
14055,Joe_C_London
14063,DonaldTrumpWall
14072,JeanArthuis
14079,ilpizzopazzo
14082,renevangellekom
14117,NordeaMarkets
14138,JamesPurefoy
14141,leewestdj
14142,Blaxklaser
14143,vonfegelein
14149,KatrienVRT
14153,antoniguez
14169,RantyHighwayman
14182,sametoyoutoo
14184,AndreaCateni1
14206,RammNatasha
14209,OfficeGreenJean
14216,The_ChrisShaw
14219,emenyt
14223,PEsocialists
14226,Tighe_er
14228,jellen805
14233,Kimbohud
14236,danielrhamilton
14244,iamdougroper
14249,AlexStephany
14258,michhhovius
14269,stuboy1905
14275,Europe1
14280,ameckardt
14282,mstyslav9
14289,greenroofsuk
14295,MichaelRaibin
14300,ibzo
14305,LAUTschrift
14309,libe
14312,moueller1961
14313,tagesanzeiger
14319,AlexStanek
14328,potch24k
14329,dhgermany
14336,GrantDCostello
14338,EsotericCD
14346,drjwalk
14351,JonnyWhiley
14365,PierluigiVito
14370,PtdArcole
14394,Khyberman
14396,rgenci57
14399,jensni
14401,oe1journale
14403,beaverbrookes23
14408,IanBellOfficial
14426,JoanRaventos
14443,joshr
14450,husseybyname
14452,S3d_78
14455,tim_knight
14464,stackee
14470,MarkT___
14472,CristinaSegui_
14491,RaquelEcenarro
14500,LiberalMorgan
14521,ruth_wishart
14523,KarenRoiy
14524,WorldTwittizen
14539,TheGraveside
14540,22minuti
14546,WatsEd
14549,RivaEardley
14564,michaeljohns
14571,umarnurgat
14583,oljay99
14585,MarkatLangstone
14605,colmoregan
14609,WeighedInRacing
14611,leftisthunter
14658,SnpCatalonia
14666,CercleVoltaire
14671,TobyLamb
14672,liamyoung
14673,Pkakooza
14676,BBCRadioLondon
14680,piecrust33
14689,jay_doughty
14695,teamUk2018
14699,easy_on_the_i
14702,Italians4Trump
14715,francetvinfo
14717,AlexMcLoughlin4
14727,JuwaiLimited
14732,CoffeeKev
14733,Thomie_ch
14745,Evelynb36
14749,KimJongUnique
14753,joanies1990
14762,Linformatrice
14766,BenHarrison1984
14776,makebelievemiss
14778,Adnkronos
14779,asmeetshah
14814,Halsrethink
14818,rasmustornblom
14824,Yeovil070707
14825,CheckpointRNZ
14832,artdetective
14847,TomCampbell
14848,BluCollarTory
14870,Reuters_co_jp
14898,JagoUK
14903,PostureigLleida
14925,pnewton84
14930,ALarigaudrieBFM
14935,GuyVerhofstadt
14937,EmporersNewC
14938,JodieActy
14945,petefooks
14950,HulbertMathew
14955,MdDeactivated
14959,TrendyEyeCandy
14963,willowhalegreen
14989,DavidInglesTV
14993,ipsosperu
14999,lesoirplus
15008,jimwaterson
15017,Joansinmiedo
15029,TommySheppard
15033,susieqkitten
15035,ConDeeBobs
15039,Ironwand
15045,digwithit
15068,elliott_billson
15071,Elin_A_Roberts
15073,kinni00
15074,Timatkin
15084,static_boolean
15087,jellehiemstra7
15090,WalesPolitics
15097,eleconomista
15121,FEShanahan
15129,auaurelija
15138,Kek_Magician
15140,Malk_klaM
15147,BournvilleSch
15151,ESalvador21
15153,BevaniteEllie
15161,Grimesygrimes
15168,DanaScully2
15169,stratosathens
15179,raikeswood
15187,Irr_Orbit
15198,RC_Garrick
15199,TheBazBowski
15206,ijbrads66
15224,louise_saunders
15226,gazokeefe1875
15233,DelHedges
15243,bankingday
15268,DavidHerdson
15270,tweeter_anita
15275,HotMarijke
15281,That_London_Guy
15296,recriweb
15302,billiepiper
15316,davidericstan
15319,johnthelutheran
15361,WeChatKhosi
15363,laikostroma
15369,Alberto__Roldan
15373,TheRedTopUK
15398,PenPep
15407,ClaudaTanios
15410,ianvisits
15416,hashdragg
15417,markshepherduk1
15421,martijnheeroma
15441,mwengway
15445,ALEXGOLDSMITH13
15446,giuslit
15447,CathalMacCoille
15451,vanreport
15468,kaiabutler
15476,johnwhilley
15513,fedeirizarry
15526,FelicPlunkett
15532,MarketingB2B
15537,NaniiNashid
15550,debpeacelover
15551,tony4gtrmcr
15566,CovertAnonymous
15569,jonworth
15574,rumlogic
15575,casajoanna
15577,aholbert87
15604,altragamma
15621,rocknrollerbaby
15622,Hanalysing
15625,BMIGroupGib
15627,lucyliz
15630,sex_c_saurus
15639,ciarannorris
15644,AD_LR
15647,normanblake
15660,carmitch
15676,flo_tweet
15689,abiko_k
15692,beingrichard
15699,sensiblestu
15706,handelsblatt
15716,CadairViewLodge
15718,AP
15734,borsenopinion
15738,RJManinafield
15739,Resistance4461
15740,anilnindawat
15744,rheawolfson
15745,taskmagic
15747,exlibinfla
15751,melchorpeiro
15757,dominiklawetzky
15758,AontroimMac
15766,Claireyyyy
15769,seedy181
15779,perfecthousem8
15797,Nick_Hewer
15801,GrayConnolly
15806,HayatMeliha
15820,MariaPetterss0n
15838,TerriMarsh11
15840,richardcalhoun
15845,DiveMasakazu
15847,JWSpry
15853,RockZen
15855,lisadebode
15860,PwC_France
15866,Plaid_Cymru
15873,AlastairMullis
15874,keeptalkingGR
15876,dianemcwade
15879,StefSimanowitz
15883,b0redinbucks
15884,jassansi
15886,10217_00
15893,yakhunt
15895,123EllieLewis
15904,gingersforeu
15908,rhiannonlucyc
15918,attentionmustbe
15927,Adecco_UK
15946,Meg_HillierMP
15947,MrMindMiracle
15951,Constantinos_Ep
15953,Rupert_Travis
15956,johnb78
15957,Mkts2day
15969,V3GA10
15983,SoilAssociation
15984,Ajax2847
15990,PCSO31708
15995,stephen501
15996,PaladinoEU
16001,YourAnonCentral
16002,btnapx
16015,yennimimi
16030,lauraxmay
16037,haynetblog
16053,colece03
16058,MinsterSchool
16060,PatrickJenkins9
16063,TheCanarySays
16064,EveF24
16066,ScotClimate
16077,HarrisonKoisser
16088,RichardHilton1
16090,PhildeSemlyen
16114,voorpost
16141,RadioGibraltar
16144,zeno001
16156,danhett
16166,SnapperBill
16182,manny_ottawa
16183,LondonDynaslow
16184,Puijinta
16189,ScottLucas_EA
16191,RussShaw1
16196,LVKRTL
16215,abi_sears
16216,FINTECHTours
16227,keelydivenCSN
16228,SeemaMalhotra1
16232,dobbs_michael
16235,donie
16240,janeparenting2
16245,Tim_Dill_2703
16247,OurParksUK
16248,HeyBrandyScott
16266,OurCofE
16267,AlanUkip
16282,LolFishFail
16285,Surfingsue
16289,SuperCroup
16297,RachelCline9
16313,nya_moderaterna
16321,LaEtchi
16328,SportingBT
16350,gnanodayam
16362,JasonLawford
16363,ScotIndyDebate
16374,SerenaJB3
16379,LauraSLauri1
16381,eggpickled
16391,HoustonWelder
16403,Quibbie_
16433,SavLocal
16437,eldiarioes
16466,Veracity4U
16473,theyTELLusLIES
16478,btldowling
16484,LadPolitics
16488,V5M1000
16496,KofiAnnan
16504,David_J_Price
16516,Kaeptn_Rotbart
16545,firstpost
16546,ImaTigerrr
16548,AlAutumnRuin
16556,Ste_Collins
16587,benjaminfievet
16589,LeftUnityUK
16599,kevwodonnell
16603,ehbildubizkaia
16605,bikesandbabies
16612,Politcian101
16615,BrenPatF
16616,emmajim1
16619,thepeoplespol
16620,Stuart_1992
16623,3farbengrau
16625,ReggieMiddleton
16626,moneyandmedia
16631,AndrewBloch
16645,BizforScotland
16648,bryn00
16657,viiviavellan
16659,fyooE5
16709,JudithHeneghan
16716,TheresaMEP
16725,SputnikInt
16727,GrainneMcEvoy
16729,jarekkuzniar
16735,MathGW
16738,YD_PR
16741,gsemprunmdg
16746,GuntarsRacs
16750,DisillusionedT8
16753,gazza_d
16761,TCoTrades
16777,BBC_GTS
16796,Seitenschach
16799,ZampieriChiara
16802,wolf_wim
16803,woordhistorie
16805,englishmanshome
16816,danieljhowells
16837,LindaSuhler
16851,kilimandege
16860,MAAWLAW
16864,winston_ramsey
16869,marcellinho_nl
16880,LyraMcKee
16885,richardwilson68
16892,ryan_murton
16902,M0nk33y
16904,NorthmanTrader
16908,FraserWhyte81
16924,wwwfoecouk
16925,hervecael
16930,chrismayLU
16950,sarahlphillips
16957,Jj4life1992
16958,AlleyHope
16959,itvthismorning
16961,wrapcompany
16964,tnaleor
16967,jknight437
16981,JenBerMol
16983,bpolitics
16992,YesLoanhead
16998,simplysimontfa
17004,CllrBSilvester
17005,tonyclarke43
17025,10thAmendment
17036,GBCBenLynch
17075,NickPringle6
17089,giangoSGV
17094,MayaSioufi
17112,brighton_alan
17116,sdbrownlie
17125,mikele_farina
17137,Sarahpolitics
17142,mosesharding
17145,imatiasromero
17162,LondonEconomic
17165,positives4eu
17177,BatterseaLabour
17215,BritishSos
17216,donnadimezzo
17241,lucag24
17243,BenHatch
17246,DLF_Officiel
17249,kathimerini_gr
17259,zazagab2
17262,renovagen
17276,citygirlnomore
17284,GlobalJusticeUK
17303,cwuwestcounties
17307,nanachurcher
17320,bigfoams
17333,Babir1981
17346,Happyemundy
17363,DannyVet
17365,electoralreform
17372,JamesMelville
17379,dazburn
17388,Nikstrade
17392,einfach_uebel
17396,ajboekestijn
17402,kenjamesbrown
17414,MY_WEBSPOT
17415,nzherald
17420,daretail
17426,dwellsatthecrag
17430,GrantDBailey
17432,willrjones_tp
17433,CaseyRutland
17452,PDE_EDP
17459,VanHellsong
17488,CNBCTV18Live
17500,Nicks103
17530,UxbridgeIn
17532,Andy4Manchester
17542,RealFKNNews
17550,_PatJohnson_
17551,badsciencemonk
17603,r_campbell13
17617,victoriabell23
17621,RaeBoo
17624,Scotsfox
17633,SNDebatt
17640,mrsahuquillo
17654,malcolm_funnell
17663,MrJonnyBenjamin
17666,Rexforbes7
17671,Free_Mason_Jar
17686,FlyOSUBuckeye1
17700,NewsNationTV
17712,MrVikas
17713,rocercal
17717,CarFreiTag
17719,latourthethird
17721,MykeRetribution
17727,DemoGrazzi
17730,Linguagroover
17731,ravivshechter
17732,aveen_geologist
17742,JanAlbrecht
17745,encolere75
17756,b_roofing
17760,SCOTSANGEL1
17770,Chris9121892
17779,liarpoliticians
17783,StDamiansRCSC
17816,blairmcdougall
17817,truusdemierr
17824,PmaBankingNews
17826,_PhilipM
17831,keswickbro
17832,desarnez
17840,spitfiresblog
17847,Eric_Anceau
17866,PaulForMayor
17870,FAHarms
17879,ebrdcharles
17899,PayetForward
17905,julie4nw
17911,Plus_MuchMore
17914,stivbator1
17915,whathannahsaid
17916,JohnsonShadae1
17927,lamtara2006
17928,MizzVileAnimalO
17929,ericvanthoff
17933,brexiteer2016
17939,GregoireFavet
17940,millarmind
17951,its_jessy_xoxo
17952,nja5
17966,Scobbert
17975,_ade
18006,uniworldnews
18015,hselftax
18039,lboroCRCC
18045,MurliSharmaBJP
18051,SGadiBolton
18052,AllMarkets
18058,CDuncanSDLP
18061,romanovsun
18076,russelltovey
18086,J_S_Docherty
18091,AllenMayesUKIP
18094,timfprice
18097,rosswhelan89
18101,bertrandbiard
18107,DrJagz
18110,Nursoso
18118,364690
18119,Pompeygav
18123,SudarshanNewsTV
18132,KjetilHanssen
18141,Grinbin5
18157,Meritele
18182,RobJCook1
18193,verity_kay
18204,talktotippers
18224,beaudetstephane
18238,Louizeline
18240,FrankVollmer
18249,banquetrecords
18266,boydhilton
18267,amb55
18279,snppoliticsnews
18282,NewtonMark
18284,WSJ
18302,MegsEClarke
18303,FreeBeacon
18314,markbooth_mcfc
18318,MarkJDoran
18319,earlofroden
18331,AndyHammers
18341,WodeWose7
18351,AthensVoice
18354,AldoLema_cl
18357,DavidPrescott
18361,jack_omalley
18362,EdwardLowy
18411,Thepedant_
18423,PhillipRowntree
18435,Frank_Oland
18437,MatthewTrueman
18440,tjdekoning
18445,Fifepsy
18447,EnkhbayarBA
18453,Georgeperryltd
18455,Transvuilwijk
18456,tweetwithjonny
18459,CaptBlack1135
18477,MGordziewicz
18496,luvmigurls
18500,Australiaunwra6
18503,dr_alex_gates
18523,joe_harrison
18524,onetimeko
18529,newsfromitaly
18544,endoexprt
18558,sallyhayd
18563,gavthebrexit
18564,missabbiehart
18571,Nordea
18573,nickshingler
18574,themediamentor
18576,JWaddicor
18600,retired_anon
18624,SKellyCEO
18630,Magician147
18634,thomasmey
18636,brindy
18646,ajbarrett69
18651,DKMatai
18653,Post_Iccia
18666,Rachelpowell
18672,waho_me
18677,__juh__
18686,mwarhurst
18698,Ianandbeverly
18709,FrankElorriaga
18722,derLehnsherr
18723,jwills1884
18728,LeaJakobiak
18729,toadmeister
18730,CreativeAspie
18735,eledece
18743,oemre
18751,RehmanSid
18753,BoF
18754,sami_cass
18756,SeanGChappelleM
18760,_tonycloud_
18765,huwwarren
18771,PipTomson
18774,EDRRheinMain
18783,BBCWorld
18790,ClarkVasey
18797,FarahAndrews
18806,gr_grim
18810,MacleodLettings
18813,rinybean
18814,goodydoro
18831,LeHuffPostBlog
18833,lafhan
18838,emilybland88
18840,beatrizbecerrab
18845,i24NEWS_FR
18856,ReutersGMF
18857,IcebreakerEIM
18866,OpenUpUKLtd
18880,SPGlobalRatings
18882,SofiaGreenacre
18891,redding_ellis
18900,davidmacdougall
18917,Double_Days
18922,beachjunkey
18934,petetrainor
18936,BHPSderbyshire
18948,BBCReferendum
18952,_JayBrown_
18959,BhoRangzen
18965,matbraddy
18970,thesundaytimes
18977,jfmouthonlegs
18978,MachalaMovil
18981,unibirmingham
18984,La1_tve
19007,Jordan_1909
19013,DLynReports
19024,OliverBullough
19025,LapidoMedia
19026,derekvaughan
19030,Joseca08
19053,6DavidHolmes4
19056,hora20lared
19060,rnz_news
19063,JimMorgan5
19073,liambauckham
19089,scotchnutz
19093,JamesLaneMe
19097,Korangossarut
19103,JimiWalsh
19118,We_R_an0nym0us
19122,Carmenballantyn
19125,KrisNewman4
19126,AndrewDrisc
19163,NesliKoroglu
19167,andrewdavies251
19170,benhulac
19180,RIBA_architect
19182,JAdamLeach
19188,JohnBond
19200,Nicola_Slawson
19204,FeistyDeanne
19210,RebeccaGrant4
19214,tsangarisp
19216,TheBorisBecker
19219,ValerieBlass
19258,Gruene_Europa
19280,JustineAcx
19281,loisfarrah
19299,CriadoSusana
19325,DunfLibDems
19341,nastynun
19343,JadedPhilosophy
19373,MrElliottSmall
19376,anchanjp
19385,SpidersUFObook
19392,Avalon262
19397,felixzickler
19398,nr100ap
19420,adia66
19426,ant2014ant
19435,danidotx
19450,jadebuben
19455,alasdairgamble
19466,politwi
19471,BigBearF1
19478,KiwiEV
19483,News247gr
19486,HYMarkets
19488,SW_GreenerIN
19490,Talonsetsacados
19492,axilyaa
19493,BoroWords
19494,StephenCarter2
19496,abigdoob
19499,evertonfc2
19502,BenHorslen
19507,imranghory
19514,Charlts
19524,ADuffau
19539,beeben68
19541,DaretobePurple
19549,neil_milan
19553,smb_espanol
19556,simonebaldelli
19565,falconermusic
19569,quigleyp
19596,FinancialBear
19599,olivercoppard
19608,SpicerTheGOAT
19618,xx_RL_xx
19620,intraa
19621,snarke
19627,Justin_Br0nk
19630,emmapollacco
19636,MarkoA_Ramius
19643,emmaljones
19644,normalnorms
19649,HackneyAbbott
19650,Frechgeist
19653,zeitonline_pol
19657,EFDBrussels
19659,Epic_Research
19668,politicosmex
19670,liamhobbs
19671,B12Simon
19674,LancsSOS
19683,AlGordonTV
19689,antinbath
19695,Schisslaweng
19696,RitaOra
19698,VICEUK
19716,CineversityTV
19719,bencubby
19730,MspencerD
19733,KrisCoMedie
19735,philipbromwell
19744,jonathanwebber
19747,djmarkkavanagh
19758,hokiedokiemike
19769,NovoArgumente
19777,BenChapelard
19781,actualiteitjunk
19793,PaperRobot
19801,PremierRadio
19814,kenan14
19820,gardenerj668
19827,AmyAbroad
19840,iamthemaam
19841,GruegerS
19844,BlueEyedSoulMan
19847,Harbi607
